{
	"name" : "physics_test", 
	"environment" : {
		"sun_dir" : [
			0.57735, 
			-0.57735, 
			-0.57735
		], 
		"sun_col" : [
			5, 
			5, 
			4.5
		], 
		"sun_softness" : 0.1, 
		"env_map" : "env/clear", 
		"env_map_pt" : "env/noon_grass_2k.hdr"
	}, 
	"objects" : [
		{
			"transform" : {
				"pos" : [
					0, 
					10, 
					0
				], 
				"rot" : [
					0, 
					0, 
					0
				]
			}, 
			"probe" : {
				"offset" : [
					0, 
					0, 
					0
				], 
				"radius" : 150, 
				"sh_coeffs" : [
					[
						0.272625, 
						0.312099, 
						0.367528
					], 
					[
						-0.173, 
						-0.156751, 
						-0.115521
					], 
					[
						-0.00510703, 
						-0.00450024, 
						-0.00095875
					], 
					[
						-0.0153097, 
						-0.0176838, 
						-0.0191808
					]
				]
			}
		}
	], 
	"camera" : {
		"view_origin" : [
			2.294942, 7.756365, 13.617617
		], 
		"view_dir" : [
			0.012581, -0.138751, -0.977384
		], 
		"fwd_speed" : 0.2, 
		"fov" : 45, 
		"max_exposure" : 1000
	}
}
